params,val_epoch,val_epoch__std,hidden_units,num_blocks,num_heads,dropout_rate,learning_rate,val_NDCG@10,val_NDCG@10__std,val_Recall@10,val_Recall@10__std,test_NDCG@10,test_NDCG@10__std,test_Recall@10,test_Recall@10__std
"(64, 2, 8, 0.2, 0.0005)",10.666666666666666,2.5166114784235836,64.0,2.0,8.0,0.20000000000000004,0.0005,0.25703666666666664,0.006619413367764067,0.3953966666666667,0.012791518023023462,0.36465333333333333,0.0071455044141987235,0.53734,0.012324134858074208
"(64, 4, 4, 0.2, 0.0005)",10.0,1.0,64.0,4.0,4.0,0.20000000000000004,0.0005,0.25412,0.005378577878956468,0.39331333333333335,0.006760801234567792,0.36338333333333334,0.0014479410669407027,0.5377966666666666,0.002753476590300537
"(64, 4, 4, 0.2, 0.00075)",10.333333333333334,1.5275252316519465,64.0,4.0,4.0,0.20000000000000004,0.0007500000000000001,0.25390666666666667,0.0036644417492072982,0.38778,0.007360183421627487,0.36368,0.0022914405949096763,0.5392166666666667,0.002577602244981459
"(64, 2, 8, 0.2, 0.00075)",10.666666666666666,2.081665999466133,64.0,2.0,8.0,0.20000000000000004,0.0007500000000000001,0.25283,0.0046181922870317926,0.3854666666666667,0.01365741678844627,0.35806333333333334,0.00710595759439452,0.5286433333333334,0.013200955773478401
